formation.name;Period;Age;AlphaForm;BetaSimForm;BetaWForm;GammaForm;CollpF;Duration;RefForm;Environments;Htaxa;maxGCD;medianGCD;madGCD
Abu Qada;Cretaceous;92.73846154;5.6241;0.891764558;13.24168081;60.214;39;5.2;6;2;2;194.72978;104.3448165;64.10329478
Aerina;Ordovician;445.3192308;1.6104;0.91225076;25.4917644;15.376;26;2.9;5;2;2;257.8725555;114.6677874;85.00085254
Aktas;Cambrian;506.9130435;11.7041;0.868945657;10.10530018;107.884;23;6;2;1;2;0;0;0
Alcobaca;Jurassic;151.4536842;9.6238;0.91787596;11.97261881;102.866;95;10.3;2;5;3;222.6477431;111.3238716;165.0486311
Almonacid de la Cuba;Jurassic;186.3;3.0102;0.899640772;10.61745938;21.256;24;0;2;1;2;0;0;0
Amb;Permian;266.5;7.5842;0.880052762;11.9129761;77.516;99;0;9;2;3;218.291123;102.8657662;63.40023628
Amsden;Carboniferous;323.397449;6.2119;0.941600689;15.58454614;80.91;49;13.975;3;3;4;687.3230676;269.6261997;168.4164529
Antalo;Jurassic;158.2696429;6.2687;0.878333284;10.1802378;53.75;28;6.95;3;2;3;216.0335116;109.6704341;67.6130417
Antelope Valley;Ordovician;467.3925197;5.647;0.95681586;18.6269635;85.704;127;15.55;10;5;4;453.8443741;178.9668861;100.2875334
Antimonio;Permian;266.5;8.1324;0.867094798;9.141850534;65.238;26;0;1;1;2;0;0;0
Aquia;Paleogene;57.25;7.295;0.843454847;10.18994329;63.342;44;0;5;4;1;239.3016982;111.3238716;91.48004273
Arcadia;Paleogene;24.07182857;17.8706;0.883885035;13.69087199;231.322;35;4.915;4;2;2;591.4706431;223.0623587;188.5072981
Argiles a Lopha gregarea;Jurassic;158.45;6.8814;0.839599531;8.413949441;49.28;26;0;1;2;3;0;0;0
Astoria;Neogene;13.789;10.6998;0.824543724;7.982917146;76.756;34;0;1;1;1;222.6477431;111.3238716;165.0486311
Banff;Carboniferous;353.1370968;6.6773;0.874155066;11.28918708;64.376;93;4.25;3;2;2;743.2977145;131.129029;193.1945212
Bangor Limestone;Carboniferous;331.1554545;15.804;0.741247827;3.659503606;53.944;55;2.45;2;2;4;111.3238716;55.66198331;82.52431554
Barfield;Permian;267.4642857;3.2055;0.899501449;13.23822468;28.862;28;2.25;8;2;3;150.5134884;100.893463;73.56664967
Barre a Pecten;Jurassic;186.3;2.4335;0.791024617;8.929117328;12.612;44;0;1;1;1;346.6242897;138.3072214;82.39984263
Beattie;Permian;296.95;6.7286;0.861640199;9.271278785;53.018;26;0;4;3;4;424.0276612;142.1008733;119.4187892
Becscie;Silurian;441.21875;3.4763;0.903748807;14.096802;34.41;48;7.75;6;2;3;342.0121221;132.7381066;89.61178192
Bell Canyon;Permian;262;24.0818;0.825127289;6.434569924;146.738;46;0;4;4;4;111.3238716;55.66193578;82.52438599
Bellevue;Ordovician;450.659375;5.4699;0.819550938;8.762268001;40.484;32;2.9;3;1;4;86.51446231;43.25729836;64.13307127
Bestogai;Cambrian;493.4;10.6224;0.906215709;9.740437135;92.842;88;0;2;2;2;0;0;0
Bird Fiord;Devonian;394.0965517;3.745;0.891484128;11.34022335;31.042;29;14.6;4;1;2;456.2878125;117.5939851;120.0611603
Bison Creek;Cambrian;493.4595238;9.5054;0.92230452;11.93927328;101.508;21;1.25;1;4;1;131.129029;68.53727883;92.79852875
Blenheim;Permian;266.7727273;3.9335;0.917372591;15.72846213;45.186;55;3.75;11;2;2;245.4063177;111.3238716;112.7187463
Blue Lias;Jurassic;197.4085714;7.162;0.871131385;9.035495072;55.118;35;6;7;3;3;222.6477431;131.129029;135.6856456
Boat Harbour;Ordovician;481.2403226;3.7436;0.875777451;7.938374158;21.714;31;11.15;3;3;3;494.2345709;111.3238716;165.048772
Bodvaszilas Sandstone;Triassic;251.0633333;2.6621;0.771133655;5.815168865;9.566;45;2.55;1;2;2;9.50E-05;9.50E-05;0
Bone Spring;Permian;276;13.7837;0.895984112;13.55602572;168.108;79;0;11;3;3;146.2946031;94.40766084;76.92758052
Budden Canyon;Cretaceous;98.47685185;5.0732;0.803148878;6.153467755;25.006;27;30.725;3;2;1;139.8506216;69.92537802;103.6711662
Buffel;Permian;284.8;6.6673;0.894715774;11.98065767;66.606;133;0;10;3;2;111.3238716;55.66193578;82.52438599
Bull Fork;Ordovician;446.6;8.3704;0.851457348;10.25789404;79.534;26;0;3;3;4;111.3238716;55.66200299;82.52428635
Burgess Shale;Cambrian;508.9259259;9.2358;0.550719547;2.741158037;22.538;27;2;2;1;3;280.1991535;140.0996439;207.7115328
Byram;Paleogene;30.70632653;31.5768;0.811985666;5.307175302;162.588;49;5.435;6;3;1;1237.466987;188.8133025;169.0769184
Calcaire a gryphees;Jurassic;193.9590909;3.1263;0.816925349;6.666120473;14.056;66;6;2;2;2;111.3238716;55.66200299;82.52428635
Callytharra;Permian;292.3;5.9213;0.873692498;12.21463915;57.976;93;7.75;20;3;3;348.9913501;150.5134884;106.9462461
Caloosahatchee;Neogene;1.669814516;29.8666;0.902949877;14.24884282;407.424;62;0.8905;9;4;2;316.4501831;149.0992373;73.99538135
Calvert;Neogene;15.00348276;15.0833;0.873916121;12.47142556;176.544;29;6.871;10;4;2;141.3604725;99.52392873;40.65734732
Campito;Cambrian;522.6;2.201;0.898126223;11.77908643;14.202;25;5;3;2;2;142.1008733;87.72398589;80.61917329
Cape Phillips;Silurian;425.9;10.2432;0.893924401;14.54538793;127.984;44;2.65;8;2;3;222.6477431;111.3238716;79.61728781
Cape Stewart;Jurassic;186.3;19.0661;0.771397252;6.468506272;116.35;27;0;3;1;2;38.07457978;19.03733741;28.22461553
Capitan;Permian;262;11.5091;0.858776175;10.70148906;112.34;36;0;6;4;3;293.2331272;94.40766084;139.968798
Carmel;Jurassic;168.15;4.6866;0.901355972;11.1049445;40.508;123;0;1;1;1;415.5078875;142.1008733;95.86909184
Carrara;Cambrian;516.1533333;4.0446;0.944214591;17.37946939;52.622;75;20.5;2;4;1;486.0491289;111.3238716;165.0485727
Cassian;Triassic;232.978;18.4715;0.928129415;16.62808953;285.146;125;10.25;23;5;3;135.1461528;75.92218241;87.80545845
Castilletes;Neogene;15.65027778;11.2085;0.829342817;8.593277357;86.116;108;3.4;2;3;2;9.50E-05;9.50E-05;0
Castle Hayne;Paleogene;40.2440678;7.4908;0.8846572;13.64495805;86.688;59;5.7;8;3;3;144.2551536;91.19079618;78.67321635
Cathedral Mountain;Permian;276;21.2686;0.822269438;10.02265692;198.942;106;0;5;4;3;0;0;0
Cattle Creek;Permian;284.8;3.9363;0.899020375;12.37522806;35.996;40;0;8;3;2;456.9271407;314.7390633;202.1854982
Cayo Agua;Neogene;3.644;25.0862;0.828715022;9.748108442;233.716;25;0.8;3;2;1;109.9532558;54.97667544;81.50827809
Cercado;Neogene;7.521678161;18.1068;0.868850057;10.83324838;187.246;87;3.827;8;4;2;152.9858731;108.2912592;35.86098631
Chagres Sandstone;Neogene;6.508375;6.7267;0.920456466;19.07868973;107.526;40;1.5;4;3;1;246.1974502;111.3238716;165.0485727
Chambara;Triassic;212.1758621;2.7754;0.941100703;19.32893309;34.314;29;10.18;6;3;3;703.1780788;299.8104677;361.1925232
Chandalaz;Permian;262;4.149;0.954300448;19.09047046;60.112;29;0;6;1;2;274.2478743;124.0303278;115.0415928
Changxing;Permian;253.2917323;8.3894;0.932961773;16.27671565;117.644;254;3.35;36;5;3;1868.5487;607.9765722;401.6146027
Chari;Jurassic;162.648324;11.8225;0.883678205;8.970421616;96.606;179;4.5;6;4;3;151.0465299;106.8989185;36.58117294
Chemung;Devonian;379.9;3.6828;0.933075231;16.43492104;43.768;71;0;4;1;2;840.9010591;259.1904116;179.2214178
Chhidru;Permian;254.8675862;13.5399;0.880335902;11.56184154;142.864;145;3.35;13;2;3;145.6286397;102.8657662;38.74399754
Chipola;Neogene;18.2;32.109;0.831643663;10.52271454;324.944;81;0;7;2;3;530.9018427;169.8810204;109.6606459
Choptank;Neogene;13.3512963;21.4628;0.837532072;7.068240626;144.348;27;1.16;6;3;3;141.3604725;99.52392873;40.65734732
Ciply-Malogne Phosphatic Chalk;Cretaceous;68.3215;4.228;0.832645141;7.569433123;24.404;40;0;4;1;1;0;0;0
Clayton;Paleogene;63.8715;4.9716;0.918326851;13.98213909;55.064;64;0;4;3;3;1105.87537;499.3293026;327.4939181
Col d'Estivere;Jurassic;180.827451;2.4556;0.892490192;11.8176462;16.942;51;3.7;1;2;1;162.8304057;81.4166449;120.7040418
Cold Fish Volcanics;Jurassic;186.566;3.2692;0.891306783;11.728157;26.552;25;6.85;2;1;2;111.3238716;55.66193578;82.52438599
Cook Mountain;Paleogene;39.29769231;13.603;0.909540239;14.792172;180.466;130;13.4;7;4;2;2176.320873;397.5527119;372.5152722
Copacabana;Permian;295.4488636;9.5782;0.818841315;5.894464271;50.542;44;9.7;8;3;3;540.2175323;230.739683;288.5872666
Corryville;Ordovician;450.692;6.6351;0.820326795;7.594047166;45.146;50;2.9;2;1;4;86.51446231;43.25729836;64.13307127
Corsicana Marl;Cretaceous;68.3215;14.8049;0.891863443;11.19555331;152.722;140;0;3;1;3;673.6237586;241.42658;192.8902755
Cotinguiba;Cretaceous;91.73103448;3.1896;0.945021548;18.83091095;40.862;87;4.25;4;2;3;0;0;0
Coyote Butte;Permian;276;6.5686;0.857412056;8.212771921;45.078;48;0;1;1;1;80.07920108;40.03960054;59.36271176
Crown Point;Ordovician;462.5132653;10.0934;0.87925896;9.484745697;86.094;49;2.9;8;2;4;954.2743385;124.0303278;183.887364
Csopak Marl;Triassic;249.75;3.0345;0.828814445;5.33231586;10.774;37;0;1;1;1;0;0;0
Culebra;Neogene;20.55833333;12.7422;0.902588692;11.90504049;138.154;48;2.1;4;2;2;111.3238716;55.66200299;82.52428635
Dalong;Permian;253.3994681;5.7879;0.942159584;17.47738013;82.046;94;3.35;22;4;3;1556.805127;630.4568614;365.5193581
Dawan;Ordovician;473.05;6.7374;0.874062958;10.46967284;59.318;42;1.05;10;2;4;1828.009285;588.709576;438.0733829
Daye;Triassic;251.5723214;4.1414;0.908951646;12.1454187;37.88;56;2.55;3;2;2;1103.451674;348.0003191;515.9452731
Day Point;Ordovician;462.6384615;7.3323;0.898695807;10.66216281;67.838;39;2.9;6;3;4;954.2743385;111.3238716;165.048772
Deadwood;Ordovician;481.1568182;8.1676;0.921142433;12.34696762;88.44;22;11.15;3;2;3;1298.198685;489.1174451;369.0067079
Denay Limestone;Devonian;390;7.4021;0.889834975;12.84823277;81.598;41;0;3;4;3;111.3238716;55.66198331;82.52431554
Dhruma;Jurassic;167.3693662;7.3227;0.928398987;15.37718441;94.964;142;3.45;5;4;3;1714.737907;244.7714663;197.849404
Dinwoody;Triassic;251.8;4.1045;0.896605461;11.55575338;35.582;54;0;6;3;2;556.6193578;222.6477431;165.048772
Dufton Shales;Ordovician;448.27;5.2087;0.82908834;7.56432658;31.962;40;3.2;1;1;2;0;0;0
Echii;Permian;291.0837838;1.9698;0.962459947;31.52162966;29.732;37;7.75;3;1;2;659.2725265;146.8897678;140.5440444
Ellis Bay;Ordovician;444.6153846;4.8731;0.861280896;9.706097555;36.716;104;7.75;6;3;3;182.4765352;71.55707233;106.0905154
Emanuel;Ordovician;475.2173913;4.0973;0.902673824;10.15931898;31.432;23;3.05;2;1;2;111.3238716;55.66198331;82.52431554
Emigrant;Cambrian;508.7192308;2.7802;0.907457743;13.82705369;24.412;52;15.4;3;1;1;0;0;0
Ertang;Devonian;397.4866667;4.7022;0.928750515;13.66784272;50.522;30;8.6;2;1;2;111.3238716;55.66193578;82.52438599
Escales;Jurassic;186.3;2.1156;0.881846628;13.10607775;14.422;33;0;1;2;1;248.1765818;82.72928896;122.6502613
Escondido;Cretaceous;68.3215;7.5415;0.872742331;10.29744115;66.872;113;0;1;1;2;311.2483717;147.5818965;74.45044179
Eugene;Paleogene;35.58404255;11.5284;0.800610177;5.235601615;54.38;47;1.6;3;2;1;111.3238716;55.66198331;82.52431554
Fairview;Ordovician;450.75;6.9204;0.840090583;7.848946545;48.086;67;0;4;2;4;259.5329478;86.51446231;128.2661425
Feixianguan;Triassic;251.8;4.8445;0.915158422;13.79162529;52.832;51;0;10;4;2;895.8809882;333.9716147;226.4769391
Fels?rs;Triassic;244.6;8.2085;0.816415834;8.640800054;62.482;34;0;5;5;2;NA;NA;NA
Fillmore;Ordovician;479.512963;3.9143;0.961303612;20.34516984;58.642;81;18.8;9;3;3;173.0263151;98.91916694;61.81102876
Flags and Grits;Ordovician;462.2;5.2179;0.700269257;3.776716708;15.874;37;0;1;2;2;0;0;0
Flat Top;Permian;262;8.3163;0.812478428;7.018208998;50.512;57;0;9;2;3;111.3238716;55.66193578;82.52438599
Foix;Jurassic;186.3;2.9103;0.821676116;8.645990882;16.354;33;0;1;3;1;81.4166449;40.70832245;60.35415886
Foraker;Carboniferous;300.2230263;6.0163;0.886960738;10.51364928;51.998;152;1.95;7;4;4;453.6119477;142.1008733;119.4187892
Ford;Permian;256.5;7.4662;0.834258306;8.450755167;53.02;86;0;15;3;3;319.195758;120.026757;177.95167
Fort Payne;Carboniferous;346.4267241;13.9216;0.833263614;6.646477666;84.934;58;5.35;5;2;4;286.3698198;88.90678824;131.8132042
Franconia;Cambrian;494.65;5.4546;0.872067143;7.028515993;31.308;27;0;3;2;3;236.1401038;136.7367841;84.79080457
Frasnian moyen;Devonian;379.9;3.2108;0.856089162;8.542123072;18.704;44;0;1;1;1;180.1267617;111.3238716;58.95825656
Galala;Cretaceous;97.25384615;6.8825;0.879476834;13.0115924;75.564;65;5.5;4;2;2;147.5818965;73.79099577;109.4023894
Gaptank;Carboniferous;301.15;10.4222;0.881023568;9.676424542;90.232;41;0;2;2;3;0;0;0
Garden City;Ordovician;477.8919355;4.497;0.957564468;19.35707876;67.244;62;18.8;7;3;3;344.2140457;139.082716;120.0649707
Garra;Devonian;410.8967742;5.7992;0.825623461;15.60640494;76.04;62;3.45;5;2;4;111.3238716;55.66200299;82.52428635
Gatun;Neogene;10.52137245;26.606;0.887724454;10.75526904;272.306;196;3;20;2;2;NA;NA;NA
Geneseo;Devonian;385.9;6.5715;0.849140609;9.17354102;50.024;203;0;7;3;3;452.4277335;138.3072214;86.66938625
Gerster;Permian;262;6.0801;0.791351373;5.926156018;29.742;131;0;1;1;2;222.6477431;111.3238716;42.85678665
Glen Aubrey;Devonian;379.9;6.754;0.846636234;6.349690669;36.158;63;0;1;2;2;111.3238716;55.66193578;82.52438599
Glen Dean Limestone;Carboniferous;322.4741379;8.9589;0.815548762;7.53403838;59.404;29;6.5;2;2;2;283.4506478;126.342172;56.37851136
Gnishik;Permian;266.5;6.0854;0.892412763;12.07614582;60.786;29;0;5;2;4;140.6101347;86.51446231;80.20224385
Golconda;Carboniferous;327.1107143;6.7699;0.833324235;8.595610304;49.682;28;1.7;2;1;4;239.3016982;126.342172;89.74175356
Goodwin;Ordovician;482.2891304;3.8767;0.93010101;15.53484466;44.416;23;8.25;4;1;3;345.4450902;142.1008733;90.33446976
Gosport;Paleogene;38.8;36.2386;0.676767242;6.527279155;232.016;28;0;7;2;2;521.8284221;111.3238716;165.0485727
Graham;Carboniferous;299.2;9.2445;0.831989329;6.906952466;56.226;46;0;2;1;3;241.8322946;111.3238716;107.954411
Greenhorn;Cretaceous;95.67234043;2.5599;0.883846801;12.56706638;19.456;47;5.2;4;3;3;1035.245533;473.0474452;292.9603494
Grenola;Permian;296.95;3.9434;0.932019767;15.64243312;45.588;76;0;3;3;2;345.1410582;140.6101347;80.20224385
Gres verts helvetiques;Cretaceous;109.7088462;5.1605;0.90396447;15.11007542;61.44;52;21.455;1;3;3;135.1461528;94.32771144;43.90272923
Guinea Corn;Cretaceous;68.40661905;3.7194;0.88782802;11.79348722;32.164;84;7.15;7;2;2;0;0;0
Gun River;Silurian;437.7125;2.5618;0.899596846;13.58191207;21.304;48;3.9;6;2;2;342.0121221;157.6073209;198.5733546
Gurabo;Neogene;5.692514706;20.5827;0.86999096;10.41687673;202.322;136;3.5;12;4;2;237.569616;111.3238716;61.76808346
Gymnocodiacean limestone;Permian;270.25;4.3429;0.791935537;6.055967197;20.12;29;0;2;1;2;0;0;0
Hanifa;Jurassic;158.45;6.5905;0.912689331;13.96845531;77.06;36;0;2;3;3;489.5218678;151.5607113;137.6994574
Hatchetigbee Bluff;Paleogene;52.2;15.5998;0.883076235;10.34746536;149.88;66;0;6;2;1;395.6307846;146.2946031;109.3722492
Henryhouse;Silurian;419.2516667;20.6886;0.752055423;5.460906954;108.288;30;4.75;3;2;4;144.2551536;91.19079618;78.67321635
Heshan;Permian;255.2657895;9.4025;0.928513256;15.23065807;126.606;38;3.35;12;3;3;333.9716147;150.5134884;223.1511569
Hierlatz;Jurassic;188.690625;16.2085;0.887426391;8.742526405;132.234;48;6.75;7;3;2;320.7266414;134.3454917;199.1804851
High Tor Limestone;Carboniferous;343.9;3.657;0.779525019;4.787243199;12.64;35;0;1;2;2;68.53727883;34.26863941;50.80668479
Hilo;Cretaceous;105.09;2.4009;0.949601596;20.60966472;28.72;30;8.3;1;1;1;9.50E-05;9.50E-05;0
Hinoshima;Cretaceous;82.77142857;3.6407;0.866886374;8.631229094;22.598;56;7.6;2;2;1;0;0;0
Hiraiga;Cretaceous;117.6006579;9.6285;0.886803088;10.84854987;93.232;38;3.295;4;2;2;0;0;0
Honghuayuan;Ordovician;472.7645833;4.378;0.9094112;11.0539443;37.334;24;11.15;9;3;4;1419.965833;493.0323326;418.191425
House;Ordovician;483.45;3.1955;0.931386489;16.48778866;35.838;51;0;5;2;3;140.6101347;86.51446231;80.20224385
Huaqiao;Cambrian;501.08025;8.8261;0.934846292;14.71556825;113.704;200;15.6;6;1;2;225.1126927;104.8083705;64.33548294
Huayansi;Cambrian;497.6478261;4.3372;0.92612206;14.44358346;47.988;46;7.6;2;1;1;97.36576148;48.68292826;72.17716853
Hueco;Permian;289.0384615;6.3108;0.923277353;16.54630727;85.902;78;12.15;10;3;2;305.7294005;128.8092373;69.98290219
Husbergoya;Ordovician;450.2709677;4.8118;0.919420887;14.61174408;55.622;31;6.05;4;2;4;55.66140592;27.83070296;41.26180021
Ingelara;Permian;266.5;3.79;0.868654425;9.826944413;27.246;35;0;7;4;2;111.3238716;55.66198331;82.52431554
Isztim;Jurassic;187.5409091;7.5326;0.862021502;13.18663932;86.024;33;10.2;5;3;2;NA;NA;NA
Ithaca;Devonian;379.9;3.5053;0.887425913;11.72467193;28.97;31;0;3;1;2;417.1904703;165.4557569;107.5057738
Jaguel_cret;Cretaceous;68.3215;5.9793;0.827142939;6.678428675;33.066;33;0;5;2;1;NA;NA;NA
Jaguel_pal;Paleogene;63.8715;8.2115;0.734108804;4.210361854;30.242;60;0;1;1;1;NA;NA;NA
Jalama;Cretaceous;77.75;9.2263;0.836652315;5.161636459;42.25;43;0;1;1;1;0.000134414;0.000134414;0
Janesville Shale;Carboniferous;300.4916667;5.3887;0.881042093;10.73127247;46.656;36;1.5;2;3;2;345.1410582;141.3604725;79.52145498
Jimol;Neogene;17.91639344;10.5379;0.857376412;8.846939726;83.372;61;2.4;2;4;2;9.50E-05;9.50E-05;0
Julfa;Permian;256.5;5.8054;0.895394924;11.49700166;55.258;74;0;7;2;2;140.6101347;70.30511486;104.2342224
Jungle Creek;Permian;291.063141;6.1274;0.905294173;12.28338171;61.734;78;20.375;5;1;3;378.0644729;144.6162833;139.9488151
Jupiter;Silurian;434.6691057;4.583;0.908414696;14.25353924;50.69;123;5.4;10;4;4;182.4765352;111.3238716;54.13812856
Kahula;Ordovician;458.35;2.9599;0.922223313;18.14456924;35.06;35;0;8;2;4;202.7621792;111.3238716;80.04316293
Kaibab;Permian;274.6309524;4.6472;0.909828866;15.36346743;55.92;84;5.75;10;3;4;590.5732314;240.1689926;156.5285128
Kaili;Cambrian;511.6691176;5.8053;0.890166773;8.531764869;40.808;68;5.5;3;2;2;99.19003638;49.59501819;73.52957397
Kanosh;Ordovician;469.3053191;3.0476;0.923102885;14.96744983;30.372;47;8.7;3;2;3;222.6477431;111.3238716;91.48004273
Kap Leslie;Jurassic;149.9958333;12.0271;0.84388512;6.629114556;72.562;120;10.3;2;3;3;9.50E-05;9.50E-05;0
Kazan;Permian;270.25;2.3428;0.925950054;22.01041051;29.006;51;0;10;2;2;1810.188212;623.1110714;563.860992
Kendlbach;Triassic;202.5017241;2.6108;0.889328544;10.77737791;17.346;29;4.55;2;1;2;320.7266414;134.7458223;87.21192844
Keziliqiman;Permian;284.8;4.5497;0.910236255;10.50973724;37.124;32;0;1;1;1;208.7839529;104.3919765;154.7715443
Khachik;Permian;261.4358974;3.3287;0.932139275;16.51203006;38.118;39;5.5;4;2;2;140.6101347;86.51446231;80.20224385
Khuff;Permian;266.5;3.3127;0.870938845;10.47804467;23.938;79;0;4;3;2;152.5307855;76.26544026;113.0710008
Kincaid;Paleogene;63.81594444;7.8351;0.916839964;14.45254194;96.532;108;1.5;6;2;2;1087.240644;295.149158;272.5393696
Kindblade;Ordovician;475.8211111;2.6008;0.924142838;17.38511202;27.206;135;5.9;2;2;3;214.6121189;107.3060595;159.0919638
Kiowa;Cretaceous;106.15;5.8862;0.870559137;8.489460945;40.946;71;0;1;2;2;283.4506478;126.7123724;144.3021298
Kirkwood;Neogene;19.5;9.6285;0.873809006;11.04949371;93.848;45;0;2;1;3;86.51446231;43.25723115;64.13317091
Koessen;Triassic;203.6;4.6616;0.906576866;10.79019801;39.334;233;0;7;5;3;537.902398;148.976242;110.4337657
Kopanina;Silurian;421.006383;19.1451;0.956039677;16.51072503;298.308;47;2.1;11;4;4;239.8083552;101.7451815;88.76870704
Kowala;Devonian;381.3270833;5.7415;0.912982167;12.73320476;60.358;24;5.25;7;4;4;70.05784534;35.02898988;51.93378111
Kuldiga;Ordovician;444.65;3.7321;0.887750718;10.59966375;28.652;54;0;4;1;2;329.128066;163.4010743;77.20966078
Laketown Dolomite;Silurian;435.1857143;3.3726;0.898406341;16.36743519;37.914;35;15.8;4;2;3;424.0276612;166.9858074;208.0814672
La Meseta;Paleogene;42.83333333;15.343;0.826867136;8.609974704;121.148;39;16.65;6;3;3;0;0;0
Lampazar;Cambrian;494.65;4.2985;0.719552585;5.451832501;17.798;44;0;1;1;1;301.5554823;111.3238716;58.89281323
Lefip;Cretaceous;68.3215;7.1333;0.818700652;7.26452285;43.966;39;0;1;1;1;NA;NA;NA
Lenox Hills;Permian;287.9;8.3298;0.896096116;12.00101541;87.354;30;7.75;4;3;3;0;0;0
Liberty;Ordovician;446.6;6.4148;0.781489;6.235409904;35.03;68;0;5;4;4;238.8608683;125.9670031;89.14075239
Lime Creek;Devonian;379.9;12.3938;0.898436862;9.922303117;112.462;40;0;5;1;2;237.0617186;111.3238716;103.7215501
Lisbon;Paleogene;42.48823529;31.3844;0.861085513;8.743317413;262.564;51;5.7;4;3;2;471.9979036;190.8437946;141.4710758
Little Cedar;Devonian;385.9;9.8867;0.890867962;12.92032231;113.786;27;0;4;2;3;277.3771502;138.3072214;84.34596872
Longtan;Permian;255.9745098;7.4533;0.931412946;15.87183339;100.706;153;3.35;30;3;3;2080.353497;619.039399;411.8586712
Loray;Permian;276;8.1854;0.825105985;7.178724945;51.094;45;0;5;3;4;111.3238716;55.66193578;82.52438599
Lorraine;Ordovician;450.75;6.5303;0.920287961;15.82928289;89.37;25;0;1;1;3;915.3076691;336.5074014;274.9680528
Lower Greensand;Cretaceous;116.1952586;11.4692;0.938205122;15.42321772;160.912;58;12.875;2;2;3;280.1991535;131.129029;69.13825624
Ludlowville;Devonian;386.0891775;9.5931;0.885744666;11.55312369;97.632;231;1.9;15;4;4;244.2383975;81.4166449;120.7040418
Luning;Triassic;214.795;3.3283;0.880565037;11.91712314;27.392;28;4.98;5;4;3;111.3238716;55.66193578;82.52438599
Machari;Cambrian;493.4171233;5.2347;0.850916736;8.056471446;33.466;73;1.25;2;1;1;0;0;0
Mahantango;Devonian;385.9;10.1453;0.898119602;11.56714557;105.95;54;0;2;3;3;204.7069057;85.27858598;126.4338907
Mancos Shale;Cretaceous;94.42934783;5.4582;0.919615357;13.74280909;60.59;92;5.2;11;4;3;890.5909726;287.794863;170.1558492
Maokou;Permian;267.475;4.6588;0.926089873;15.98126174;58.134;30;3.75;9;2;2;1265.1181;376.1872956;229.3876992
Marcellus;Devonian;386.7333333;9.4035;0.861795118;12.00243523;99.224;30;4.1;7;4;4;471.8673092;244.2383975;194.1714261
McColley Canyon;Devonian;400.5;9.5219;0.911640557;10.70068012;90.974;29;0;3;1;3;204.7069057;102.3535004;151.7491588
Meadowtown Beds;Ordovician;463.45;4.207;0.738307453;5.192849892;16.582;30;0;1;1;1;0;0;0
Meitan;Ordovician;472.6097222;2.8791;0.883779228;10.85039456;20.338;36;11.15;3;4;3;451.7895937;210.5131294;128.2281016
Mingan;Ordovician;464.2448276;4.9187;0.839878124;9.597037398;37.046;29;2.9;3;2;3;71.55707233;35.77853616;53.04525772
Moenkopi;Triassic;249.25;7.0636;0.897432377;11.35400849;68.112;103;0;9;4;3;706.5334649;210.7663185;180.6689395
Moodys Branch;Paleogene;39.3488;17.9415;0.851871162;9.761475937;161.604;125;5.7;9;3;2;1061.536153;382.6010008;272.3358215
Moreno;Cretaceous;68.3215;6.3881;0.901816021;11.86515046;63.228;53;0;5;2;3;284.9212752;126.7123724;112.6879204
Moscow;Devonian;385.9;9.2753;0.86177908;10.66398085;86.874;288;0;18;3;4;425.13908;162.8304057;120.7040418
Motol;Silurian;425.9365385;17.9557;0.930326225;12.44574298;210.824;26;7.55;4;1;4;357.7213874;71.55707233;106.0905154
Mount Auburn;Ordovician;450.75;5.6546;0.801452022;5.83608474;27.67;35;0;2;1;4;86.51446231;43.25729836;64.13307127
Mount Ida;Devonian;412.75;7.6116;0.857376641;12.11632957;80.998;27;10.2;4;2;4;716.6701617;363.0036583;407.0027324
Muldraugh;Carboniferous;344.1589744;13.7123;0.843273674;6.118866007;77.258;39;4.25;2;2;4;9.50E-05;9.50E-05;0
Nacatoch Sand;Cretaceous;73.53198684;20.6294;0.846322258;10.15599599;196.06;38;9.4285;2;1;3;648.7476455;201.5991798;140.8011835
Nanjemoy;Paleogene;50.92833333;8.9692;0.863176238;10.9309538;85.266;30;7.7;4;3;2;222.6477431;111.3238716;165.048772
Narrrow Cape Formaton;Neogene;17.319;6.5619;0.870954706;9.66193723;53.614;24;0;1;1;1;0;0;0
Naujoji Akmené;Permian;256.5;4.0481;0.891667797;10.41296855;31.432;51;0;1;1;2;NA;NA;NA
Nayband;Triassic;207.3133766;6.8467;0.909649566;13.18967867;76.124;77;10.18;10;3;3;574.1433753;241.8322946;333.5019997
Neal Ranch;Permian;297.2430233;17.3434;0.831950468;9.420215078;150.068;43;4.2;3;3;4;0;0;0
Nesen;Permian;254.1166667;4.292;0.903142261;11.5076593;37.538;45;3.35;4;1;2;374.8292097;161.4766224;176.3092693
Nevian;Jurassic;186.3;2.6683;0.864718599;11.2437817;18.356;63;0;1;1;1;0;0;0
Ninemile;Ordovician;475.9367347;4.6078;0.94491749;17.12019477;61.59;49;7.75;7;4;4;345.4450902;142.1008733;78.86555052
Niobrara;Cretaceous;86.775;3.3989;0.921257954;14.16075259;33.71;38;14.05;7;3;1;1037.981858;344.9119432;300.1467484
Nora;Ordovician;470.0714286;3.6093;0.888783588;11.13929204;28.998;28;7.8;3;2;2;426.1758785;178.2537254;206.7613676
Nyalindung;Neogene;13.74438462;10.9562;0.893639381;13.00211108;130.924;26;1.16;3;2;1;331.4816784;110.4940595;163.8183073
OgonOr;Cambrian;493.908;6.6497;0.910271244;9.937866082;56.08;25;6.35;1;1;1;NA;NA;NA
Olazagutia;Cretaceous;85.80517241;2.5162;0.893663938;10.24938449;15.516;29;2.2;1;1;2;0;0;0
Ol'chan;Permian;293.0791667;2.1185;0.947512846;23.81071003;26.58;24;4.4;1;1;1;819.9329341;337.5943047;327.6441771
Onondaga;Devonian;390;11.2167;0.860511601;8.586706318;86.91;66;0;6;4;4;611.9459397;325.6377337;188.7434137
Opalinuston;Jurassic;173.6;3.1527;0.742897161;6.661408261;14.186;125;0;2;1;3;400.5605227;134.3454917;199.1804851
Oregonia;Ordovician;446.6;6.6865;0.811602408;6.033077955;35.298;35;0;1;1;4;140.6101347;86.51446231;80.20224385
Outram;Ordovician;483.45;3.1378;0.87790657;9.427798324;20.076;36;0;1;2;1;0;0;0
Overton;Silurian;420;9.3588;0.73716996;4.590948359;38.326;28;0;1;1;3;0;0;0
Oxtrack;Permian;270.25;3.9741;0.846682051;7.329852592;21.702;25;0;7;3;2;111.3238716;55.66193578;82.52438599
Padrinas;Jurassic;181.2558442;3.0117;0.88237213;10.08539132;19.902;77;4.65;1;2;1;248.1765818;82.72928896;122.6502613
Pamlico;Neogene;0.069;21.316;0.774370687;8.204263468;165.462;32;0;3;2;2;949.7030204;333.9716147;282.3206829
Pamucak;Permian;260.975;3.2727;0.894886165;11.77682248;26.558;28;8.85;2;2;2;0;0;0
Park City;Permian;269;6.6984;0.937251261;16.6607213;93.524;38;9.5;7;2;3;795.7505625;277.3771502;169.8270033
Peawaddy;Permian;262;2.4836;0.638811142;8.597871881;13.512;30;0;6;3;2;150.5134884;100.893463;73.56664967
Peedee;Cretaceous;68.3215;18.9897;0.843063252;8.803143754;157.02;32;0;5;3;2;240.5944561;138.4358599;138.1564364
Phosphoria;Permian;270.1013514;7.036;0.900097241;14.21077891;84.708;37;9.5;6;2;2;795.7505625;277.3771502;203.8360257
Piedra Pintada;Jurassic;186.3;7.449;0.846116083;7.855050445;50.426;25;0;2;2;2;0.000134414;0.000134414;0
Pierre Shale;Cretaceous;75.20580159;5.1386;0.93690652;17.52257093;72.438;63;9.4285;5;3;3;691.2409894;334.5554419;392.720735
Pilton;Devonian;361.2615385;7.856;0.956569113;17.28104983;118.548;26;15.4;3;2;4;0.000134414;0.000134414;0
Pirabas;Neogene;19.5;34.8899;0.812128087;11.43719061;381.556;25;0;5;2;2;746.5099536;248.8569669;226.0527778
Pisco;Neogene;5.770782609;2.6841;0.923065418;18.67600297;30.914;46;5.376;12;1;2;247.2516963;111.3238716;64.15833611
Pittsburg;Paleogene;28.60234375;9.7469;0.764698727;5.300601727;45.854;32;5.435;1;2;1;135.9435522;77.33155132;86.89815249
Porters Creek;Paleogene;61.44756364;9.9207;0.856590755;10.36283793;90.656;55;3.6715;7;3;2;955.3451109;346.6267217;513.9087776
Prairie Bluff;Cretaceous;68.3215;28.6083;0.835664995;7.483459922;205.072;113;0;5;2;3;434.7983922;167.2209711;109.4530251
Providence;Cretaceous;68.3215;31.1458;0.847580849;7.205282805;216.016;103;0;3;1;2;94.40766084;47.20383042;69.98439898
Puchenque;Jurassic;186.5596154;5.1391;0.865912462;8.729855061;36.066;26;6.75;2;1;2;9.50E-05;9.50E-05;0
Puerto Madryn;Neogene;8.640133333;3.6709;0.855828516;10.73057892;28.578;45;0.957;3;2;2;469.6478217;137.5249624;203.8945092
Qingyan;Triassic;244.5469697;26.531;0.775601246;7.66029583;188.552;66;3.5;8;3;3;318.9291991;124.7248208;153.4701295
Qixia;Permian;276;4.6313;0.972198005;21.79504133;78.35;34;0;16;2;2;1573.754926;668.8960378;560.7801976
Rabbitkettle;Cambrian;494.9837838;9.9654;0.952520708;14.67343041;131.476;37;12.35;3;1;1;295.9927911;161.0085062;160.0222387
Rat Buri;Permian;270.2016129;17.424;0.855589693;6.949565795;113.538;31;1.5;5;3;2;786.9067259;155.2748059;230.2104273
Red Eagle;Permian;297.215;5.3198;0.898159527;11.95000098;51.296;30;4.2;4;3;3;345.1410582;125.9670031;57.59571718
Rio Banano;Neogene;2.9;18.069;0.876518491;11.93258324;201.672;26;0;6;2;1;9.50E-05;9.50E-05;0
Rio Palomar;Jurassic;186.3;3.4521;0.828786823;7.189054168;17.508;37;0;2;1;2;0;0;0
Ripley;Cretaceous;68.5572125;31.0763;0.806789279;10.61145247;324.456;40;9.4285;5;2;3;517.1092836;201.7127107;223.1109585
Road Canyon;Permian;271.4466667;31.3146;0.83737745;9.396426827;280;75;5.75;4;4;4;0;0;0
Roca;Cretaceous;68.3215;9.3932;0.821265486;6.42531716;53.13;48;0;6;3;1;333.9716147;209.7751357;129.7615614
Rochester;Silurian;426.0095238;18.1024;0.875852362;8.505987347;145.736;42;7.75;6;3;4;244.2383975;81.4166449;120.7040418
Rorrington Beds;Ordovician;462.2;3.3374;0.743875032;5.402887294;12.576;29;0;1;1;1;0;0;0
Ross Brook;Silurian;435.95;4.0879;0.856324709;6.777589893;20.84;37;0;1;1;3;0;0;0
Ross Point;Silurian;435.95;5.9844;0.812095943;10.18798743;55.246;30;0;1;1;4;0;0;0
Saint-Cenere;Devonian;410.9837209;4.3666;0.87152046;8.30422824;27.854;43;3.45;2;1;3;74.48968754;37.24491098;55.21910573
Saiwan;Permian;292.55;3.802;0.874713547;9.85487517;27.282;39;0;6;3;4;152.5307855;76.26544026;113.0710008
San Emigdio;Paleogene;35.55;7.7797;0.82949488;6.383685913;42.97;27;0;2;2;1;91.19079618;45.5954653;67.59963757
Santee;Paleogene;40.12777778;14.5793;0.860571314;10.99073299;147.796;27;8.95;8;4;3;289.1950287;111.3238716;49.85203927
Sappington;Devonian;358.2872093;5.0425;0.883597788;9.495080161;38.16;43;11.15;6;5;3;667.9432294;135.9435522;88.98768284
Sawtooth;Jurassic;167.0722222;4.2054;0.900479382;11.3576767;36.296;27;3.45;1;1;2;111.3238716;55.66200299;82.52428635
Scotch Grove;Silurian;429.534;15.2827;0.87198782;8.494578058;120.966;25;7.75;2;1;4;628.6155555;124.0925229;183.9795745
Second Abden Shale;Carboniferous;331.2;5.5795;0.839510852;6.324734852;28.628;117;0;1;1;3;0;0;0
Senja;Permian;253.15;4.9911;0.901388915;14.02944601;54.594;135;0;8;2;2;147.5818965;104.3448165;37.93447195
Shallow Bay;Cambrian;503.0547619;5.2592;0.933010886;16.64602295;70.244;84;13.6;5;4;2;729.8217323;182.4765352;270.5397111
Shell Rock;Devonian;380.026;5.6089;0.886306591;11.73964681;53.632;25;3.15;3;2;2;372.1026403;138.6949687;175.7243728
Shenjiawan;Cambrian;493.4;5.9167;0.928286383;14.64833894;71.856;32;0;3;2;1;445.2954863;222.6477431;330.097544
Shoal River;Neogene;12.4;45.0342;0.830590908;8.958790051;398.356;37;0;5;2;2;95.42286122;47.71143061;70.73696702
Shuqra;Jurassic;162.95;13.7186;0.851271497;8.609413753;108.942;25;0;1;1;3;108.0169966;54.00854581;80.0729291
Silica;Devonian;385.9;19.328;0.833751091;6.802777263;124.13;27;0;1;1;4;82.72928896;41.36464448;61.32722191
Sisquoc;Neogene;7.604;5.5231;0.801644958;6.480482672;29.13;28;0;1;1;2;0.000134414;0.000134414;0
Skaneateles;Devonian;386.0701493;9.5933;0.891962852;9.828383001;83.468;134;1.9;8;4;4;244.2383975;81.4166449;120.7040418
Skinner Ranch;Permian;284.8;13.0949;0.870419587;9.697097943;116.134;50;0;3;4;3;0;0;0
Slade and Redhill Mudstone;Ordovician;450.7;4.799;0.849994074;8.969368002;33.756;26;0;1;1;1;0;0;0
Sly Gap;Devonian;379.9;3.1798;0.799538266;5.607566395;12.064;29;0;2;1;1;280.0826712;93.36370308;138.4178989
Smithville;Ordovician;473.4304348;10.0901;0.855614069;7.311173682;66.372;23;1.85;3;1;3;522.5416624;142.8305966;211.7606426
Sobral_Jurassic;Jurassic;151.2629032;6.4804;0.844495732;6.966019534;38.028;31;5.1;2;2;3;NA;NA;NA
Sobral_Paleogene;Paleogene;63.7793125;5.8135;0.844312803;8.247706093;39.64;32;2.95;4;3;1;NA;NA;NA
Solvik;Silurian;438.3651515;9.0137;0.866670871;8.447862554;67.41;33;5.4;6;2;4;55.66140592;27.83070296;41.26180021
Stotler;Carboniferous;300.5888889;4.983;0.922869897;13.7690288;54.606;27;1.5;3;2;3;453.6119477;142.1008733;144.1099429
Sunblood;Ordovician;465.4173077;3.5022;0.926771899;14.02697078;35.056;26;5.25;5;2;2;228.6923806;122.6151561;101.7727749
Sunset;Ordovician;446.6;5.1853;0.807995193;4.68361869;19.548;59;0;1;2;4;222.6477431;111.3238716;43.97603907
Survey Peak;Ordovician;483.45;2.3323;0.922589026;15.02765975;20.06;30;0;2;3;1;175.3850208;87.69251038;130.0129159
Suwannee Limestone;Paleogene;31.15;12.1958;0.8958575;14.0981954;158.146;25;0;6;2;2;511.5290252;148.2020593;111.602589
Szin Marl;Triassic;249.25;2.9509;0.845986757;7.178501712;13.954;25;0;1;2;3;9.50E-05;9.50E-05;0
Tachilni;Neogene;9.427;7.7474;0.858836544;9.569001768;63.846;31;0;1;1;1;127.7011484;63.85220572;94.66244244
Takhandit;Permian;267.8095238;5.9711;0.903051271;11.12493708;54.816;63;3.75;3;1;1;426.7870564;47.0470106;69.75189792
Talata;Permian;276;3.3095;0.956628596;22.45671015;51.58;25;0;5;1;2;510.2492356;173.5410186;252.3521013
Tallahatta;Paleogene;47.684;10.4393;0.862749738;9.889162393;92.768;25;5.2;4;1;2;305.7294005;111.3238716;117.8962379
Tamiami;Neogene;3.348611111;10.9312;0.950821975;17.76331266;176.912;72;1.372;15;4;2;318.9291991;149.3926526;74.43039879
Tataouine;Jurassic;161.2262376;11.1047;0.894167443;10.19427333;102.144;101;5.2;5;4;3;145.6286397;94.40766084;75.94022329
Temblor;Neogene;17.03213462;8.1228;0.904562014;11.73503529;83.278;52;11.926;3;2;2;142.8305966;71.41534584;105.8802508
Thaynes;Triassic;249.2616279;3.7571;0.912936437;13.60001699;37.18;43;0.5;13;3;3;1087.085708;333.9716147;201.0992257
Three Forks;Devonian;368.2144068;6.7109;0.917787102;11.75429324;66.922;59;5.7;4;3;2;191.6837001;123.6337119;59.37826416
Tindall Limestone;Cambrian;507;4.1163;0.750733269;3.987611834;12.39;27;0;1;1;2;155.2748059;108.0169966;70.06442813
Tiverton;Permian;284.8;4.227;0.885596408;11.39302766;37.164;44;0;9;3;2;235.1683877;111.3238716;60.38886153
Tonoloway;Devonian;419.0482143;4.0039;0.886761929;9.123369488;27.306;28;3.45;4;4;3;204.7069057;98.30122877;84.92493332
Toukoshan;Neogene;1.6845;11.5055;0.813037309;7.400751658;77.156;28;0;1;1;1;0;0;0
Triangle;Devonian;379.9;6.6019;0.830790798;6.67658661;37.072;60;0;1;2;2;82.72928896;41.36464448;61.32722191
Tropic Shale;Cretaceous;97;7.6077;0.790252144;5.047248435;33.314;31;0;2;2;1;88.90678824;44.45339412;65.90660212
Tubar ;Neogene;5.271583333;9.7215;0.896762254;14.7304861;125.902;48;5.376;5;1;1;NA;NA;NA
Tully;Devonian;385.9;8.512;0.880041389;11.20405043;82.77;76;0;7;2;3;270.2042414;111.3238716;76.36358751
Turmiel;Jurassic;179.9532609;4.7252;0.897827164;13.14250889;54.152;46;4.65;3;3;2;111.3238716;55.66200299;82.52428635
Tuscahoma;Paleogene;57.25;16.4641;0.793342055;8.059378;123.426;35;0;6;3;1;861.234795;188.8133025;279.9344031
Tuwaiq;Jurassic;162.95;7.0169;0.909839735;14.15081537;84.138;48;0;4;4;3;805.5217238;299.3494061;233.8730313
Twin Creek;Jurassic;169.3532258;4.3449;0.889377513;11.14165871;36.586;93;3.45;3;2;3;554.6375944;222.6477431;165.048772
Ulakhan-Krest;Triassic;243.5986842;3.5773;0.927277928;15.71896907;40.228;38;10.75;3;1;2;289.741892;130.1676217;141.984226
upper part;Devonian;397.168;3.6419;0.495871574;2.941532673;7.762;25;7.4;1;1;1;162.8304057;81.4166449;120.7040418
Uzunbulak;Ordovician;463.45;7.7094;0.850329248;7.046823798;47.264;24;0;2;2;2;0;0;0
Valcour;Ordovician;462.382;6.4115;0.880782426;10.62271821;57.41;50;2.9;8;2;4;954.2743385;111.3238716;165.048772
Vaqueros;Neogene;20.8322;13.6699;0.854916372;8.274472378;104.526;25;6.215;5;2;3;296.8787171;111.3238716;108.6101497
Vaureal;Ordovician;450.1487395;2.678;0.87697558;14.17294935;24.008;119;4.1;5;2;4;243.7726094;111.3238716;58.95825656
Volkhov;Ordovician;470.75;6.3857;0.865924283;6.834705813;36.358;62;5.25;4;3;2;166.9715005;55.66140592;82.51888686
Waccamaw;Neogene;1.66912;31.4076;0.871008585;10.8900201;330.006;25;0.3845;6;2;2;296.8787171;144.9486114;103.2831163
Wah Wah;Ordovician;473.1484848;4.8437;0.90119125;12.02571093;45.918;33;15.4;6;3;3;280.4490281;139.8506216;79.07618979
Waita;Paleogene;31.15;4.2803;0.828220736;7.20774792;23.532;28;0;1;2;2;0;0;0
Wandagee;Permian;276;2.1583;0.948574352;25.72471758;29.226;38;0;20;2;3;150.5134884;101.6992036;72.37205852
Wargal;Permian;256.9714286;15.69;0.826226318;11.00548144;156.034;245;5.5;15;3;3;218.291123;111.3238716;50.86024927
Warrior;Cambrian;494.65;5.2851;0.867390252;9.652278549;41.288;22;0;1;2;2;111.3238716;55.66198331;82.52431554
Wata;Cretaceous;91.8;4.7274;0.90341879;12.38805737;46.078;26;0;4;2;2;194.72978;147.5818965;69.90145203
Watahomigi;Carboniferous;316.1925;6.4686;0.880799263;9.590736561;52.248;30;1.575;1;2;3;90.06250904;45.03125452;66.76333795
Waterways;Devonian;379.9;12.5727;0.473315303;1.906476242;22.052;24;0;2;1;2;0;0;0
Waynesville;Ordovician;446.6325806;6.2842;0.881879826;9.28465023;49.86;155;4.1;10;2;4;1393.248372;600.7925879;423.3007903
Wegener Halvo;Permian;256.5;4.5974;0.889899355;11.42387277;40.04;93;0;3;2;2;373.2787153;129.9240738;144.37775
Werfen;Triassic;250.9199346;4.1969;0.901861879;12.12616664;38.44;153;2.55;12;4;3;135.1461528;77.33155132;85.71592811
Wheeler;Cambrian;507.0277778;5.0266;0.869835174;11.53220579;46.648;27;3.25;6;4;3;204.7069057;98.91916694;61.81102876
White Head;Silurian;442.4449275;5.4191;0.958895937;18.52853359;81.608;69;10.65;9;3;4;687.6418035;315.3155622;302.4380805
Whitewater;Ordovician;446.6;5.4605;0.842307861;8.894691816;42.116;73;0;5;2;4;905.7455736;140.9853036;177.0592523
Whittaker;Silurian;433.790625;9.2673;0.925714341;13.11878837;107.982;32;19.1;5;3;2;244.4899307;130.2580888;92.69911998
Wills Point;Paleogene;62.409;5.9468;0.92770953;15.68875574;76.436;40;1.5;3;3;2;586.377358;222.2209401;164.4159938
Wilson Bluff;Paleogene;35.55;3.8185;0.860464575;8.830213536;24.636;29;0;2;2;3;482.4123046;188.8133025;139.9658044
Winchell;Carboniferous;304.6664063;4.3437;0.819711438;6.291252691;20.838;64;0.525;2;1;3;145.6286397;72.81431986;107.9545106
Woodbine;Cretaceous;97;8.8275;0.904658408;12.42458399;95.982;142;0;1;1;2;290.5689826;111.3238716;155.8941907
Wood Siding;Carboniferous;300.5611111;5.7408;0.873916136;9.221642218;43.264;54;1.5;2;3;2;345.1410582;140.9853036;121.0727329
Word;Permian;268.6181319;22.8532;0.841162635;9.602930514;205.806;91;3.75;8;3;4;0;0;0
Wordie Creek;Triassic;251.8;2.6784;0.867894896;10.77156858;18.094;78;0;4;3;2;340.5689241;116.7897725;170.7175612
Yanshi;Permian;253.15;4.6694;0.943648134;16.70405276;61.126;36;0;5;1;2;111.3238716;55.66193578;82.52438599
Yazoo;Paleogene;35.55;9.8216;0.904040751;13.40872747;117.75;36;0;6;3;3;581.0442772;305.7294005;246.5096827
Yorktown;Neogene;3.753970588;14.6932;0.872121669;11.77553124;158.114;68;1.556;17;4;3;454.3025552;177.8111241;98.57400053
Yujiang;Devonian;405.2564103;7.9305;0.886326566;9.641416165;66.276;39;5.3;4;4;2;1073.543963;238.6620191;214.1974444
Zhitai;Ordovician;472.8055556;4.6067;0.854235753;10.52593453;37.502;27;1.05;2;2;2;223.4769743;111.3238716;165.0485727
Zhumabai;Cambrian;497.6538462;13.1841;0.929372537;12.67597315;153.4;104;9.6;3;2;2;0;0;0
